movie_language_pivot_id,movie_id,language_id
1,628,64
2,915,51
3,743,51
4,960,51
5,39,51
6,632,51
7,533,21
8,14,51
9,539,51
10,155,51
11,635,3
12,323,51
13,744,51
14,253,60
15,673,51
16,166,51
17,418,51
18,357,51
19,683,51
20,588,15
21,763,51
22,235,51
23,866,51
24,1000,51
25,648,11
26,441,51
27,482,51
28,10,51
29,279,3
30,428,51
31,855,51
32,207,51
33,52,51
34,433,51
35,307,93
36,287,51
37,469,51
38,566,51
39,503,51
40,377,51
41,70,51
42,581,51
43,821,51
44,422,51
45,371,51
46,955,51
47,728,51
48,217,51
49,503,51
50,713,51
51,257,51
52,63,51
53,451,51
54,617,93
55,194,15
56,442,51
57,627,2
58,12,3
59,477,51
60,273,51
61,460,51
62,981,51
63,81,51
64,338,42
65,131,51
66,271,51
67,298,51
68,650,51
69,425,51
70,106,51
71,173,51
72,576,21
73,498,51
74,615,51
75,256,21
76,147,85
77,779,3
78,762,51
79,849,51
80,152,51
81,33,93
82,439,51
83,335,51
84,488,51
85,553,51
86,674,51
87,684,51
88,983,51
89,409,51
90,738,51
91,944,51
92,768,17
93,710,51
94,181,51
95,788,51
96,926,51
97,885,51
98,340,51
99,442,51
100,841,51
101,741,93
102,111,51
103,891,51
104,482,51
105,911,51
106,481,51
107,102,21
108,259,51
109,979,51
110,657,51
111,43,3
112,386,51
113,66,51
114,354,51
115,856,41
116,85,51
117,102,51
118,515,51
119,1000,51
120,236,51
121,909,51
122,960,93
123,528,51
124,101,75
125,435,51
126,48,51
127,858,51
128,317,51
129,735,3
130,241,51
131,450,3
132,247,51
133,666,51
134,659,51
135,585,85
136,420,3
137,974,51
138,314,51
139,14,15
140,197,51
141,770,51
142,804,51
143,586,21
144,89,51
145,294,51
146,375,51
147,299,51
148,561,51
149,430,21
150,14,51
151,36,51
152,311,21
153,248,51
154,368,21
155,218,85
156,776,6
157,291,6
158,789,80
159,828,42
160,9,51
161,146,48
162,58,51
163,186,51
164,935,51
165,733,15
166,410,51
167,795,51
168,46,51
169,552,51
170,522,89
171,505,51
172,934,51
173,534,6
174,870,51
175,343,51
176,734,51
177,847,51
178,814,51
179,516,21
180,441,42
181,966,3
182,678,51
183,327,51
184,981,3
185,534,51
186,726,51
187,615,51
188,447,51
189,958,51
190,77,51
191,167,51
192,780,51
193,299,51
194,552,51
195,581,21
196,381,85
197,514,51
198,584,3
199,924,51
200,798,51
201,984,51
202,785,51
203,705,51
204,104,51
205,831,51
206,436,21
207,457,51
208,26,81
209,320,51
210,439,42
211,328,93
212,482,85
213,261,51
214,406,51
215,309,51
216,36,51
217,767,51
218,435,51
219,926,45
220,720,51
221,490,51
222,704,51
223,898,51
224,776,51
225,648,51
226,893,66
227,55,15
228,582,41
229,546,94
230,662,51
231,282,3
232,184,51
233,46,51
234,388,40
235,52,51
236,125,46
237,706,3
238,583,51
239,227,51
240,725,51
241,959,51
242,475,51
243,684,21
244,290,93
245,531,51
246,962,51
247,63,51
248,335,51
249,26,51
250,563,21
251,825,51
252,956,21
253,651,42
254,974,51
255,987,51
256,876,11
257,629,51
258,95,51
259,677,51
260,297,21
261,701,15
262,251,42
263,30,85
264,537,51
265,733,51
266,65,3
267,398,51
268,896,51
269,784,51
270,738,51
271,966,51
272,642,21
273,874,51
274,388,51
275,51,51
276,6,51
277,118,51
278,657,51
279,294,51
280,181,51
281,295,93
282,487,51
283,529,15
284,480,51
285,154,21
286,65,63
287,620,51
288,287,51
289,514,59
290,685,51
291,983,51
292,211,51
293,317,30
294,171,51
295,321,51
296,513,51
297,270,86
298,355,51
299,800,51
300,467,21
301,178,27
302,711,60
303,127,51
304,776,51
305,157,51
306,900,42
307,832,86
308,367,51
309,730,3
310,616,51
311,449,51
312,565,51
313,298,54
314,760,15
315,898,51
316,375,51
317,891,94
318,551,51
319,721,21
320,345,42
321,957,64
322,935,88
323,923,51
324,543,42
325,385,21
326,859,51
327,55,51
328,238,52
329,510,51
330,570,30
331,364,51
332,861,3
333,592,51
334,540,86
335,384,51
336,539,21
337,531,43
338,692,15
339,754,51
340,704,51
341,398,21
342,558,51
343,486,42
344,415,51
345,868,51
346,640,51
347,291,51
348,670,51
349,382,42
350,396,51
351,137,51
352,270,51
353,702,51
354,375,51
355,451,3
356,250,51
357,75,93
358,512,51
359,56,21
360,787,93
361,892,51
362,832,80
363,98,51
364,36,51
365,573,51
366,616,51
367,45,51
368,786,51
369,668,51
370,583,82
371,882,51
372,292,6
373,7,51
374,992,51
375,511,51
376,549,51
377,905,51
378,953,51
379,575,21
380,910,42
381,330,15
382,66,51
383,329,51
384,669,51
385,437,51
386,539,3
387,454,51
388,156,3
389,643,51
390,348,51
391,983,82
392,634,51
393,80,51
394,331,51
395,140,51
396,850,51
397,645,51
398,871,41
399,511,51
400,687,90
401,164,64
402,586,42
403,958,75
404,548,51
405,207,21
406,189,42
407,708,51
408,773,51
409,19,3
410,580,51
411,822,51
412,524,51
413,730,51
414,587,51
415,805,51
416,680,3
417,559,51
418,770,51
419,471,51
420,911,21
421,88,51
422,257,51
423,502,51
424,411,3
425,189,51
426,532,51
427,593,51
428,790,51
429,60,51
430,193,51
431,138,93
432,677,51
433,923,51
434,343,51
435,382,51
436,970,51
437,509,21
438,986,51
439,919,51
440,292,51
441,373,42
442,118,51
443,80,51
444,876,51
445,307,51
446,785,21
447,912,42
448,877,51
449,782,31
450,547,51
451,338,21
452,110,71
453,743,51
454,613,62
455,913,51
456,282,51
457,294,93
458,476,15
459,662,51
460,968,51
461,172,21
462,126,21
463,541,26
464,483,3
465,295,51
466,901,51
467,597,51
468,927,51
469,629,51
470,157,51
471,778,51
472,995,51
473,684,51
474,556,93
475,267,92
476,222,51
477,598,51
478,60,51
479,210,51
480,372,51
481,559,51
482,691,51
483,690,51
484,284,51
485,846,51
486,564,51
487,173,51
488,586,51
489,652,51
490,682,51
491,239,51
492,860,20
493,136,80
494,657,51
495,922,51
496,523,51
497,850,51
498,734,93
499,47,51
500,886,51
501,416,51
502,795,93
503,94,94
504,390,51
505,629,51
506,676,51
507,943,51
508,761,51
509,494,51
510,71,22
511,995,51
512,491,51
513,131,51
514,538,51
515,362,21
516,561,42
517,586,93
518,385,6
519,785,51
520,298,21
521,289,51
522,9,51
523,607,51
524,309,51
525,674,51
526,712,51
527,17,51
528,222,51
529,112,15
530,913,51
531,897,89
532,897,51
533,618,51
534,620,51
535,116,21
536,76,51
537,669,41
538,180,51
539,280,51
540,125,51
541,398,51
542,617,51
543,159,51
544,861,51
545,25,51
546,246,51
547,540,51
548,649,6
549,801,51
550,889,51
551,144,51
552,211,51
553,664,2
554,125,51
555,108,51
556,797,51
557,174,51
558,35,21
559,92,10
560,581,51
561,392,51
562,809,51
563,548,51
564,454,51
565,39,51
566,382,51
567,606,15
568,865,51
569,610,3
570,928,51
571,298,51
572,27,51
573,702,51
574,925,51
575,836,21
576,923,51
577,907,51
578,653,51
579,381,51
580,58,51
581,652,21
582,544,51
583,223,51
584,887,51
585,855,51
586,329,51
587,875,51
588,659,51
589,536,76
590,921,51
591,861,3
592,101,51
593,502,52
594,263,51
595,835,3
596,404,51
597,580,51
598,725,51
599,418,51
600,598,3
601,701,51
602,18,51
603,344,51
604,152,51
605,625,51
606,140,51
607,700,51
608,992,51
609,714,51
610,276,21
611,308,85
612,614,51
613,39,51
614,618,76
615,584,51
616,441,51
617,28,21
618,477,93
619,754,51
620,931,51
621,214,51
622,164,51
623,257,51
624,254,51
625,127,51
626,412,51
627,776,51
628,487,51
629,860,51
630,173,51
631,438,51
632,662,51
633,191,21
634,993,42
635,536,51
636,884,51
637,858,51
638,849,63
639,233,51
640,52,51
641,148,6
642,591,35
643,56,13
644,910,51
645,836,51
646,803,39
647,868,51
648,623,51
649,942,51
650,696,51
651,21,51
652,983,51
653,663,24
654,300,51
655,707,51
656,208,51
657,848,3
658,121,51
659,882,51
660,525,51
661,980,51
662,812,51
663,623,51
664,929,37
665,886,51
666,175,51
667,443,51
668,266,51
669,143,51
670,687,51
671,25,3
672,263,51
673,673,51
674,920,21
675,764,51
676,93,51
677,126,21
678,995,51
679,889,21
680,617,42
681,469,66
682,939,51
683,18,51
684,669,51
685,36,89
686,978,51
687,854,51
688,797,51
689,668,51
690,743,51
691,874,93
692,744,51
693,584,51
694,785,51
695,230,21
696,849,3
697,245,51
698,181,51
699,423,51
700,289,51
701,647,3
702,550,21
703,208,51
704,310,76
705,516,51
706,284,93
707,899,3
708,29,51
709,341,51
710,81,51
711,630,51
712,377,51
713,187,93
714,359,80
715,963,51
716,19,51
717,332,51
718,958,51
719,821,51
720,272,21
721,505,42
722,368,93
723,935,51
724,919,21
725,725,82
726,784,51
727,699,51
728,409,51
729,621,51
730,608,51
731,981,51
732,680,51
733,78,51
734,949,51
735,110,51
736,70,51
737,970,51
738,407,51
739,579,51
740,991,51
741,172,42
742,716,76
743,320,51
744,998,51
745,723,21
746,775,21
747,85,51
748,698,51
749,357,51
750,844,72
751,302,94
752,52,51
753,721,21
754,238,42
755,88,93
756,414,51
757,936,21
758,189,51
759,44,51
760,813,42
761,389,51
762,187,51
763,346,51
764,811,51
765,339,51
766,509,51
767,890,51
768,658,77
769,551,51
770,136,51
771,768,51
772,488,51
773,89,51
774,746,15
775,660,51
776,448,51
777,118,94
778,697,51
779,832,3
780,693,94
781,849,51
782,945,51
783,967,51
784,931,51
785,566,51
786,758,51
787,656,94
788,875,6
789,457,84
790,832,51
791,312,21
792,312,51
793,595,51
794,32,51
795,377,3
796,826,51
797,734,51
798,589,51
799,543,51
800,663,51
801,148,51
802,683,51
803,30,51
804,333,51
805,95,51
806,871,51
807,739,51
808,378,51
809,255,51
810,759,51
811,304,51
812,693,51
813,717,51
814,756,51
815,282,21
816,231,64
817,87,3
818,305,51
819,392,51
820,653,21
821,129,51
822,866,3
823,200,21
824,368,51
825,185,51
826,337,51
827,672,51
828,820,51
829,746,51
830,920,51
831,418,51
832,562,6
833,421,51
834,93,42
835,275,51
836,13,51
837,549,51
838,861,51
839,386,51
840,525,51
841,361,51
842,337,3
843,920,51
844,562,51
845,718,51
846,100,51
847,304,51
848,322,51
849,443,51
850,240,51
851,935,51
852,442,51
853,559,51
854,613,59
855,369,15
856,585,3
857,441,21
858,108,51
859,596,51
860,669,51
861,413,51
862,102,42
863,908,15
864,521,51
865,495,51
866,557,51
867,625,51
868,697,51
869,601,3
870,585,51
871,306,3
872,333,51
873,66,51
874,987,51
875,488,51
876,22,21
877,215,51
878,706,51
879,373,51
880,455,51
881,557,93
882,648,51
883,497,45
884,799,51
885,704,51
886,878,51
887,692,51
888,759,51
889,289,51
890,387,51
891,409,51
892,14,51
893,215,51
894,884,51
895,759,51
896,447,22
897,424,42
898,128,69
899,73,37
900,836,51
901,858,3
902,27,51
903,823,51
904,266,42
905,945,15
906,493,51
907,491,51
908,199,51
909,359,51
910,895,51
911,299,51
912,839,51
913,704,51
914,879,3
915,722,51
916,859,51
917,921,51
918,414,21
919,520,51
920,58,34
921,276,51
922,543,80
923,771,51
924,268,51
925,770,30
926,313,21
927,703,85
928,751,3
929,233,51
930,153,51
931,646,51
932,390,51
933,503,51
934,705,51
935,302,67
936,233,78
937,992,51
938,979,51
939,652,51
940,652,51
941,475,96
942,173,51
943,578,51
944,812,51
945,688,51
946,624,2
947,823,51
948,7,51
949,467,51
950,93,42
951,748,42
952,76,42
953,672,51
954,530,51
955,127,51
956,756,51
957,395,3
958,813,51
959,218,3
960,486,51
961,652,51
962,844,93
963,7,51
964,413,21
965,966,51
966,763,3
967,203,51
968,195,51
969,285,51
970,322,51
971,81,51
972,424,51
973,102,51
974,297,51
975,66,51
976,684,51
977,629,51
978,319,51
979,978,51
980,141,51
981,50,51
982,913,51
983,949,42
984,424,93
985,133,51
986,312,51
987,625,51
988,164,51
989,571,51
990,274,51
991,204,51
992,760,3
993,542,51
994,176,51
995,234,51
996,721,51
997,197,11
998,901,51
999,743,6
1000,81,51
1001,558,21
1002,152,51
1003,612,93
1004,652,51
1005,614,51
1006,417,51
1007,956,51
1008,617,21
1009,561,42
1010,186,66
1011,494,3
1012,912,51
1013,633,85
1014,356,51
1015,73,21
1016,345,42
1017,572,42
1018,9,42
1019,141,15
1020,993,51
1021,849,51
1022,848,51
1023,650,51
1024,175,51
1025,894,51
1026,388,51
1027,527,51
1028,177,85
1029,16,45
1030,947,51
1031,407,51
1032,726,51
1033,147,51
1034,112,51
1035,95,51
1036,410,51
1037,517,51
1038,381,51
1039,44,42
1040,280,84
1041,111,51
1042,231,51
1043,935,42
1044,230,66
1045,255,93
1046,497,84
1047,572,15
1048,159,51
1049,294,42
1050,86,93
1051,565,51
1052,212,3
1053,647,51
1054,725,42
1055,610,43
1056,113,42
1057,778,42
1058,259,25
1059,813,42
1060,496,42
1061,967,51
1062,499,51
1063,826,51
1064,290,51
1065,639,51
1066,297,51
1067,60,94
1068,91,74
1069,7,80
1070,518,51
1071,524,51
1072,910,51
1073,506,51
1074,665,21
1075,657,51
1076,344,51
1077,366,51
1078,536,51
1079,959,15
1080,200,51
1081,583,51
1082,968,51
1083,822,51
1084,560,69
1085,997,13
1086,293,51
1087,293,3
1088,766,51
1089,113,3
1090,810,80
1091,142,51
1092,741,93
1093,609,6
1094,563,3
1095,840,94
1096,454,51
1097,122,51
1098,99,51
1099,411,51
1100,444,51
1101,715,51
1102,661,51
1103,641,93
1104,40,51
1105,87,51
1106,961,21
1107,662,51
1108,258,21
1109,250,51
1110,369,15
1111,948,51
1112,201,51
1113,489,22
1114,506,51
1115,548,12
1116,788,85
1117,963,43
1118,491,51
1119,240,51
1120,803,51
1121,556,51
1122,262,51
1123,666,51
1124,612,51
1125,407,51
1126,602,51
1127,938,66
1128,559,51
1129,414,51
1130,486,51
1131,354,51
1132,766,51
1133,534,51
1134,876,51
1135,977,51
1136,372,51
1137,131,51
1138,445,51
1139,305,42
1140,971,45
1141,702,51
1142,274,51
1143,286,93
1144,67,94
1145,300,80
1146,51,51
1147,886,21
1148,633,94
1149,908,51
1150,60,51
1151,256,42
1152,440,93
1153,960,15
1154,403,37
1155,898,51
1156,281,51
1157,167,51
1158,475,51
1159,175,19
1160,964,51
1161,491,51
1162,673,51
1163,347,3
1164,644,51
1165,388,51
1166,300,42
1167,319,51
1168,77,51
1169,280,51
1170,459,51
1171,332,15
1172,131,21
1173,429,51
1174,312,51
1175,661,51
1176,429,51
1177,788,3
1178,888,66
1179,429,3
1180,112,3
1181,49,3
1182,69,3
1183,626,51
1184,939,3
1185,221,51
1186,961,21
1187,222,51
1188,991,51
1189,809,51
1190,566,21
1191,478,21
1192,674,51
1193,114,93
1194,462,51
1195,103,51
1196,318,85
1197,420,51
1198,14,51
1199,423,51
1200,811,51
1201,739,51
1202,942,51
1203,251,51
1204,539,51
1205,443,51
1206,514,51
1207,531,51
1208,195,21
1209,607,15
1210,59,51
1211,21,21
1212,954,30
1213,574,66
1214,637,84
1215,609,51
1216,345,21
1217,16,42
1218,882,93
1219,744,51
1220,939,51
1221,694,51
1222,856,85
1223,1000,51
1224,183,51
1225,486,51
1226,657,51
1227,453,51
1228,386,51
1229,77,93
1230,356,51
1231,107,51
1232,667,51
1233,987,51
1234,880,51
1235,409,51
1236,724,21
1237,429,51
1238,965,66
1239,965,51
1240,824,51
1241,487,51
1242,348,51
1243,180,21
1244,994,11
1245,867,3
1246,31,51
1247,384,51
1248,327,51
1249,441,51
1250,553,51
1251,260,51
1252,532,85
1253,166,51
1254,230,15
1255,670,51
1256,141,51
1257,997,75
1258,718,51
1259,189,51
1260,843,68
1261,112,51
1262,200,33
1263,20,51
1264,728,11
1265,955,3
1266,66,51
1267,300,51
1268,489,51
1269,484,51
1270,992,42
1271,234,45
1272,794,41
1273,548,51
1274,847,51
1275,120,51
1276,237,51
1277,188,51
1278,504,51
1279,923,21
1280,134,93
1281,278,51
1282,201,51
1283,509,51
1284,461,51
1285,522,51
1286,92,51
1287,964,51
1288,784,41
1289,272,51
1290,18,51
1291,741,51
1292,848,38
1293,294,85
1294,866,21
1295,558,51
1296,912,51
1297,45,51
1298,538,51
1299,642,51
1300,819,51
1301,5,51
1302,537,94
1303,48,51
1304,434,21
1305,245,2
1306,417,51
1307,616,80
1308,270,51
1309,965,44
1310,452,51
1311,788,42
1312,186,51
1313,431,51
1314,241,51
1315,174,51
1316,744,21
1317,538,51
1318,293,51
1319,855,51
1320,165,51
1321,915,51
1322,60,21
1323,211,51
1324,968,51
1325,954,51
1326,900,51
1327,127,51
1328,2,51
1329,948,51
1330,505,42
1331,104,93
1332,594,3
1333,62,51
1334,917,51
1335,664,51
1336,32,51
1337,324,51
1338,680,51
1339,720,51
1340,277,51
1341,186,51
1342,316,51
1343,239,51
1344,716,51
1345,800,42
1346,807,6
1347,410,51
1348,492,51
1349,453,51
1350,407,51
1351,19,51
1352,204,51
1353,841,51
1354,667,51
1355,370,51
1356,396,51
1357,96,3
1358,18,51
1359,22,51
1360,948,21
1361,865,51
1362,895,51
1363,656,51
1364,295,51
1365,475,3
1366,57,51
1367,248,12
1368,654,93
1369,51,51
1370,32,12
1371,404,51
1372,567,51
1373,854,51
1374,137,51
1375,145,51
1376,102,30
1377,144,51
1378,773,49
1379,434,51
1380,697,51
1381,123,51
1382,74,51
1383,15,51
1384,788,1
1385,53,51
1386,204,51
1387,586,51
1388,710,51
1389,617,51
1390,658,85
1391,870,51
1392,857,51
1393,455,51
1394,78,51
1395,535,51
1396,149,51
1397,281,51
1398,370,51
1399,499,51
1400,450,51
1401,132,51
1402,322,51
1403,118,21
1404,839,51
1405,23,51
1406,106,3
1407,791,51
1408,747,51
1409,791,51
1410,613,51
1411,379,51
1412,813,51
1413,104,51
1414,273,51
1415,570,51
1416,780,51
1417,472,51
1418,516,51
1419,302,51
1420,585,51
1421,830,51
1422,839,51
1423,395,3
1424,512,51
1425,811,51
1426,659,15
1427,529,88
1428,159,51
1429,222,51
1430,157,51
1431,645,60
1432,232,51
1433,104,51
1434,144,51
1435,859,51
1436,979,51
1437,941,51
1438,75,51
1439,796,42
1440,103,93
1441,227,51
1442,933,82
1443,57,51
1444,317,51
1445,912,51
1446,190,51
1447,912,51
1448,339,57
1449,824,21
1450,1000,51
1451,643,51
1452,886,51
1453,91,3
1454,727,51
1455,138,66
1456,315,21
1457,996,51
1458,572,51
1459,454,51
1460,147,51
1461,249,51
1462,378,51
1463,52,51
1464,363,51
1465,40,51
1466,371,51
1467,624,51
1468,279,51
1469,933,51
1470,938,21
1471,86,51
1472,920,51
1473,681,51
1474,418,3
1475,75,51
1476,352,21
1477,524,51
1478,239,42
1479,208,3
1480,770,94
1481,247,51
1482,16,80
1483,603,94
1484,971,51
1485,710,51
1486,318,51
1487,702,51
1488,996,3
1489,82,51
1490,736,51
1491,29,51
1492,928,51
1493,381,51
1494,65,51
1495,403,51
1496,660,51
1497,758,51
1498,917,51
1499,460,51
1500,901,51
1501,369,51
1502,490,51
1503,677,51
1504,676,51
1505,522,21
1506,924,6
1507,100,15
1508,985,3
1509,19,51
1510,239,6
1511,394,51
1512,335,6
1513,297,15
1514,418,6
1515,286,51
1516,132,51
1517,821,42
1518,977,51
1519,796,15
1520,491,3
1521,776,4
1522,727,51
1523,831,3
1524,740,51
1525,120,51
1526,12,51
1527,842,51
1528,645,51
1529,941,51
1530,704,51
1531,502,93
1532,328,51
1533,32,79
1534,15,51
1535,7,13
1536,79,51
1537,840,51
1538,61,21
1539,404,3
1540,553,51
1541,242,51
1542,472,51
1543,351,15
1544,256,51
1545,920,51
1546,886,51
1547,809,51
1548,125,51
1549,600,51
1550,144,51
1551,326,51
1552,426,3
1553,662,51
1554,808,51
1555,384,51
1556,230,51
1557,245,51
1558,904,21
1559,787,51
1560,665,21
1561,395,51
1562,564,51
1563,287,3
1564,887,51
1565,747,51
1566,557,51
1567,650,51
1568,876,51
1569,473,51
1570,694,51
1571,166,51
1572,743,51
1573,275,51
1574,602,51
1575,13,51
1576,692,51
1577,137,93
1578,785,6
1579,365,15
1580,642,51
1581,907,94
1582,803,51
1583,485,51
1584,563,88
1585,803,51
1586,922,51
1587,514,51
1588,999,51
1589,991,51
1590,857,51
1591,577,51
1592,246,93
1593,370,88
1594,43,51
1595,222,51
1596,230,51
1597,902,51
1598,362,6
1599,439,51
1600,108,51
1601,490,51
1602,425,51
1603,122,51
1604,759,42
1605,228,51
1606,298,15
1607,127,51
1608,366,51
1609,683,42
1610,15,51
1611,853,51
1612,255,42
1613,484,51
1614,741,51
1615,327,93
1616,914,51
1617,973,51
1618,712,51
1619,302,51
1620,897,51
1621,225,51
1622,223,51
1623,66,51
1624,491,4
1625,867,51
1626,617,51
1627,896,51
1628,720,12
1629,631,51
1630,504,51
1631,374,51
1632,843,51
1633,626,51
1634,599,3
1635,331,51
1636,249,51
1637,672,21
1638,458,60
1639,583,51
1640,169,3
1641,68,51
1642,532,51
1643,192,60
1644,850,51
1645,694,51
1646,213,51
1647,653,6
1648,849,51
1649,611,51
1650,622,21
1651,228,51
1652,710,51
1653,106,51
1654,302,51
1655,111,28
1656,481,51
1657,210,51
1658,467,51
1659,207,6
1660,715,51
1661,297,51
1662,950,51
1663,2,51
1664,88,51
1665,760,51
1666,885,51
1667,743,51
1668,44,21
1669,173,51
1670,499,51
1671,752,51
1672,312,3
1673,574,51
1674,146,21
1675,830,51
1676,113,51
1677,408,3
1678,83,51
1679,24,51
1680,634,64
1681,190,51
1682,633,51
1683,338,52
1684,616,51
1685,537,21
1686,266,51
1687,438,44
1688,663,51
1689,686,51
1690,763,3
1691,415,51
1692,37,51
1693,494,51
1694,385,51
1695,811,51
1696,286,51
1697,888,21
1698,476,62
1699,785,51
1700,377,51
1701,62,51
1702,405,21
1703,770,93
1704,405,51
1705,561,21
1706,63,85
1707,820,51
1708,557,89
1709,551,51
1710,755,51
1711,776,51
1712,414,51
1713,480,51
1714,274,51
1715,523,3
1716,438,51
1717,805,51
1718,396,21
1719,706,51
1720,930,8
1721,78,51
1722,436,51
1723,652,51
1724,331,51
1725,619,51
1726,274,51
1727,586,51
1728,432,51
1729,807,51
1730,879,10
1731,932,6
1732,197,80
1733,271,42
1734,685,51
1735,671,30
1736,713,51
1737,953,51
1738,606,51
1739,207,51
1740,238,51
1741,197,51
1742,434,51
1743,474,51
1744,55,51
1745,299,51
1746,609,51
1747,47,51
1748,242,51
1749,830,51
1750,424,51
1751,442,51
1752,145,51
1753,768,51
1754,266,51
1755,684,51
1756,133,28
1757,750,51
1758,44,51
1759,921,51
1760,73,51
1761,501,51
1762,743,51
1763,289,51
1764,489,42
1765,521,51
1766,856,94
1767,119,51
1768,199,51
1769,310,51
1770,452,51
1771,502,94
1772,588,51
1773,555,21
1774,982,80
1775,47,51
1776,909,51
1777,477,51
1778,282,51
1779,58,51
1780,292,51
1781,839,45
1782,38,51
1783,207,21
1784,654,51
1785,457,51
1786,174,51
1787,306,51
1788,458,51
1789,489,51
1790,316,51
1791,887,51
1792,512,51
1793,77,51
1794,901,51
1795,427,51
1796,668,51
1797,27,51
1798,778,91
1799,190,93
1800,367,93
1801,634,93
1802,397,51
1803,587,51
1804,382,51
1805,149,51
1806,564,51
1807,636,51
1808,883,42
1809,345,51
1810,398,21
1811,971,93
1812,104,44
1813,830,51
1814,695,51
1815,586,51
1816,127,93
1817,33,93
1818,723,21
1819,917,93
1820,973,93
1821,386,93
1822,478,51
1823,550,93
1824,685,93
1825,620,51
1826,427,51
1827,897,51
1828,780,51
1829,632,51
1830,288,51
1831,605,51
1832,344,51
1833,10,51
1834,361,51
1835,793,93
1836,106,51
1837,567,51
1838,494,21
1839,278,51
1840,898,51
1841,556,51
1842,178,77
1843,774,51
1844,164,51
1845,129,51
1846,422,51
1847,903,51
1848,324,51
1849,708,21
1850,777,42
1851,966,51
1852,830,51
1853,525,51
1854,177,51
1855,647,51
1856,465,42
1857,340,12
1858,644,51
1859,804,7
1860,888,21
1861,339,60
1862,863,51
1863,609,93
1864,580,51
1865,784,51
1866,956,24
1867,325,45
1868,237,51
1869,764,21
1870,179,24
1871,717,3
1872,616,51
1873,797,51
1874,320,42
1875,233,51
1876,415,51
1877,371,21
1878,653,51
1879,852,51
1880,788,51
1881,766,93
1882,664,51
1883,657,51
1884,582,51
1885,118,15
1886,858,51
1887,275,51
1888,302,51
1889,771,51
1890,761,51
1891,312,51
1892,488,51
1893,645,51
1894,875,51
1895,424,51
1896,48,51
1897,374,51
1898,139,51
1899,652,51
1900,302,21
1901,477,15
1902,350,51
1903,954,3
1904,579,51
1905,898,21
1906,663,42
1907,417,93
1908,775,15
1909,742,51
1910,91,51
1911,473,3
1912,725,51
1913,462,51
1914,697,51
1915,417,51
1916,410,51
1917,183,51
1918,426,51
1919,848,51
1920,975,51
1921,693,51
1922,647,51
1923,573,51
1924,661,51
1925,920,51
1926,718,51
1927,878,51
1928,613,51
1929,45,51
1930,472,21
1931,291,51
1932,416,21
1933,265,51
1934,266,21
1935,76,51
1936,895,51
1937,855,51
1938,53,51
1939,114,51
1940,853,51
1941,978,51
1942,305,80
1943,797,51
1944,484,51
1945,223,85
1946,717,51
1947,104,51
1948,192,51
1949,360,51
1950,702,6
1951,952,3
1952,800,51
1953,996,21
1954,364,51
1955,819,85
1956,233,51
1957,348,51
1958,234,51
1959,629,94
1960,358,51
1961,108,21
1962,280,42
1963,678,51
1964,682,51
1965,557,21
1966,487,51
1967,488,51
1968,361,51
1969,937,51
1970,815,51
1971,368,51
1972,569,3
1973,318,51
1974,339,51
1975,667,51
1976,792,6
1977,556,51
1978,164,51
1979,749,93
1980,60,51
1981,997,30
1982,342,51
1983,571,21
1984,852,42
1985,728,42
1986,947,58
1987,970,70
1988,741,15
1989,801,51
1990,650,51
1991,163,51
1992,709,66
1993,53,3
1994,560,42
1995,962,51
1996,835,21
1997,452,42
1998,416,51
1999,509,93
2000,633,51
2001,49,82
2002,646,51
2003,450,51
2004,811,51
2005,449,62
2006,552,51
2007,988,51
2008,523,51
2009,94,51
2010,879,3
2011,55,51
2012,147,51
2013,665,51
2014,254,51
2015,638,21
2016,281,51
2017,829,51
2018,751,51
2019,354,51
2020,233,51
2021,122,51
2022,229,3
2023,678,51
2024,356,51
2025,613,51
2026,253,6
2027,140,51
2028,687,51
2029,328,51
2030,643,80
2031,399,51
2032,53,51
2033,490,24
2034,562,51
2035,274,51
2036,127,51
2037,102,51
2038,440,38
2039,376,15
2040,735,95
2041,495,6
2042,703,75
2043,436,51
2044,977,51
2045,339,51
2046,465,51
2047,637,51
2048,795,80
2049,759,25
2050,664,51
2051,985,45
2052,860,6
2053,623,21
2054,702,21
2055,802,21
2056,587,21
2057,963,93
2058,251,29
2059,703,3
2060,526,21
2061,509,51
2062,440,51
2063,57,51
2064,515,42
2065,70,93
2066,850,94
2067,240,21
2068,220,51
2069,679,21
2070,146,21
2071,637,21
2072,365,84
2073,832,51
2074,539,21
2075,885,21
2076,962,21
2077,276,12
2078,666,93
2079,972,21
2080,211,3
2081,827,51
2082,771,21
2083,703,42
2084,932,15
2085,122,75
2086,106,21
2087,919,51
2088,890,3
2089,350,21
2090,242,51
2091,72,56
2092,132,85
2093,429,3
2094,312,93
2095,291,21
2096,375,51
2097,871,21
2098,644,3
2099,550,21
2100,150,21
2101,528,21
2102,812,43
2103,654,21
2104,4,93
2105,971,93
2106,582,21
2107,438,21
2108,119,21
2109,997,21
2110,236,21
2111,135,21
2112,40,51
2113,48,42
2114,273,93
2115,52,51
2116,1,93
2117,692,51
2118,425,51
2119,169,51
2120,176,51
2121,22,51
2122,842,31
2123,100,93
2124,667,51
2125,108,3
2126,681,51
2127,71,51
2128,159,51
2129,292,51
2130,723,3
2131,512,51
2132,1,51
2133,652,51
2134,956,94
2135,162,51
2136,151,51
2137,921,51
2138,298,51
2139,871,51
2140,463,52
2141,270,51
2142,64,88
2143,710,21
2144,486,21
2145,34,21
2146,470,51
2147,318,21
2148,857,21
2149,832,21
2150,89,21
2151,114,51
2152,680,21
2153,877,93
2154,884,21
2155,886,21
2156,95,51
2157,41,21
2158,56,42
2159,794,93
2160,712,21
2161,388,93
2162,734,93
2163,440,51
2164,574,21
2165,759,21
2166,544,21
2167,720,51
2168,782,21
2169,240,42
2170,622,93
2171,55,80
2172,930,51
2173,67,51
2174,44,51
2175,96,51
2176,225,15
2177,179,51
2178,145,51
2179,503,93
2180,796,51
2181,353,21
2182,712,51
2183,529,21
2184,183,21
2185,515,21
2186,580,21
2187,926,21
2188,269,51
2189,374,21
2190,257,42
2191,157,21
2192,181,3
2193,481,21
2194,2,51
2195,304,21
2196,557,21
2197,624,21
2198,524,21
2199,5,21
2200,968,51
2201,52,51
2202,15,51
2203,609,51
2204,468,65
2205,55,51
2206,820,51
2207,925,94
2208,449,51
2209,325,80
2210,568,51
2211,89,51
2212,624,42
2213,429,41
2214,460,51
2215,513,3
2216,479,42
2217,86,51
2218,271,51
2219,835,51
2220,613,85
2221,132,51
2222,813,51
2223,454,21
2224,63,42
2225,162,51
2226,293,51
2227,922,51
2228,328,51
2229,418,51
2230,78,51
2231,41,51
2232,332,51
2233,764,51
2234,763,51
2235,507,51
2236,443,51
2237,901,51
2238,762,51
2239,508,51
2240,340,51
2241,568,51
2242,602,51
2243,319,51
2244,968,51
2245,601,21
2246,76,42
2247,743,51
2248,505,51
2249,704,89
2250,191,51
2251,951,51
2252,430,51
2253,26,51
2254,115,51
2255,150,15
2256,207,51
2257,136,51
2258,834,51
2259,374,42
2260,458,6
2261,525,51
2262,569,21
2263,146,51
2264,870,51
2265,309,51
2266,88,94
2267,583,51
2268,505,51
2269,999,51
2270,489,51
2271,600,3
2272,677,51
2273,468,51
2274,166,51
2275,16,51
2276,704,80
2277,246,51
2278,314,51
2279,796,51
2280,768,3
2281,729,51
2282,234,51
2283,74,51
2284,552,51
2285,540,51
2286,784,80
2287,223,51
2288,261,51
2289,67,51
2290,577,51
2291,328,51
2292,174,51
2293,988,51
2294,107,51
2295,790,51
2296,74,51
2297,845,51
2298,896,21
2299,102,51
2300,309,51
2301,987,21
2302,621,51
2303,311,51
2304,166,21
2305,84,51
2306,194,51
2307,572,45
2308,288,51
2309,826,42
2310,597,51
2311,253,51
2312,994,6
2313,940,11
2314,42,51
2315,53,21
2316,492,21
2317,756,94
2318,749,51
2319,222,6
2320,740,93
2321,260,51
2322,261,51
2323,234,51
2324,218,51
2325,517,51
2326,712,51
2327,92,51
2328,193,51
2329,437,51
2330,565,93
2331,535,51
2332,479,51
2333,60,51
2334,162,21
2335,352,3
2336,765,51
2337,499,51
2338,724,21
2339,397,42
2340,605,51
2341,979,51
2342,325,51
2343,166,60
2344,703,51
2345,755,51
2346,125,51
2347,239,51
2348,367,97
2349,847,51
2350,734,93
2351,225,51
2352,205,51
2353,293,51
2354,726,51
2355,740,51
2356,858,51
2357,376,51
2358,772,51
2359,627,21
2360,662,51
2361,876,51
2362,296,21
2363,146,42
2364,811,3
2365,569,41
2366,188,93
2367,177,94
2368,230,51
2369,930,50
2370,387,21
2371,668,51
2372,833,51
2373,471,51
2374,665,51
2375,428,21
2376,431,51
2377,966,51
2378,980,51
2379,119,51
2380,874,51
2381,343,51
2382,532,51
2383,929,15
2384,590,51
2385,597,93
2386,852,51
2387,850,51
2388,466,51
2389,374,51
2390,994,51
2391,535,51
2392,171,51
2393,619,51
2394,87,51
2395,848,51
2396,810,51
2397,168,51
2398,559,51
2399,818,51
2400,319,51
2401,841,51
2402,361,51
2403,150,12
2404,797,93
2405,667,88
2406,726,51
2407,115,51
2408,674,51
2409,50,51
2410,255,51
2411,274,51
2412,442,21
2413,324,66
2414,285,3
2415,815,63
2416,354,51
2417,416,42
2418,311,3
2419,438,51
2420,228,51
2421,106,51
2422,755,51
2423,906,51
2424,591,51
2425,53,51
2426,619,93
2427,369,36
2428,290,16
2429,277,61
2430,647,3
2431,326,73
2432,94,51
2433,193,51
2434,579,42
2435,408,89
2436,477,51
2437,571,51
2438,608,51
2439,966,51
2440,734,15
2441,61,51
2442,722,51
2443,448,5
2444,832,51
2445,272,51
2446,935,12
2447,499,93
2448,12,51
2449,390,51
2450,785,76
2451,264,51
2452,181,51
2453,943,21
2454,936,51
2455,716,93
2456,580,51
2457,752,53
2458,73,51
2459,691,51
2460,92,21
2461,23,44
2462,148,51
2463,465,51
2464,963,51
2465,606,92
2466,208,51
2467,459,51
2468,489,51
2469,961,51
2470,420,93
2471,915,51
2472,379,2
2473,426,93
2474,514,41
2475,173,51
2476,530,21
2477,610,51
2478,557,30
2479,202,51
2480,437,77
2481,481,51
2482,413,51
2483,928,51
2484,149,51
2485,774,51
2486,80,51
2487,327,51
2488,264,51
2489,615,21
2490,642,51
2491,550,51
2492,885,45
2493,639,51
2494,454,51
2495,721,51
2496,962,51
2497,625,51
2498,164,51
2499,495,51
2500,220,51
2501,753,21
2502,702,51
2503,691,21
2504,608,51
2505,142,51
2506,983,6
2507,374,51
2508,436,51
2509,352,51
2510,710,85
2511,1000,51
2512,535,51
2513,760,51
2514,19,93
2515,8,51
2516,654,93
2517,390,51
2518,335,51
2519,558,51
2520,814,51
2521,198,51
2522,63,51
2523,606,51
2524,567,51
2525,419,77
2526,173,51
2527,237,51
2528,491,51
2529,73,51
2530,974,51
2531,581,51
2532,954,51
2533,978,51
2534,653,51
2535,649,51
2536,722,51
2537,652,51
2538,926,51
2539,680,51
2540,516,51
2541,428,51
2542,972,51
2543,243,3
2544,990,51
2545,334,80
2546,823,51
2547,429,51
2548,436,51
2549,775,51
2550,156,51
2551,745,51
2552,198,51
2553,363,51
2554,169,51
2555,10,51
2556,284,51
2557,717,51
2558,584,3
2559,604,51
2560,322,15
2561,634,51
2562,852,55
2563,824,51
2564,663,21
2565,850,93
2566,386,51
2567,333,51
2568,4,51
2569,229,51
2570,697,51
2571,17,51
2572,65,51
2573,648,51
2574,779,51
2575,288,51
2576,410,51
2577,709,51
2578,743,3
2579,85,51
2580,869,43
2581,786,51
2582,620,51
2583,122,51
2584,562,51
2585,683,15
2586,739,51
2587,338,51
2588,292,42
2589,194,51
2590,922,51
2591,680,51
2592,209,51
2593,69,51
2594,695,51
2595,693,51
2596,684,51
2597,216,93
2598,49,6
2599,949,51
2600,36,3
2601,776,51
2602,373,21
2603,610,21
2604,766,42
2605,462,51
2606,620,51
2607,76,51
2608,792,51
2609,965,51
2610,843,51
2611,373,6
2612,521,51
2613,154,51
2614,927,51
2615,108,51
2616,536,51
2617,54,51
2618,40,42
2619,614,51
2620,444,21
2621,693,51
2622,246,21
2623,905,15
2624,905,51
2625,877,51
2626,238,51
2627,229,14
2628,569,51
2629,912,51
2630,400,51
2631,139,51
2632,438,51
2633,638,3
2634,421,51
2635,752,51
2636,700,51
2637,468,51
2638,566,51
2639,656,51
2640,837,51
2641,216,42
2642,62,51
2643,420,51
2644,580,51
2645,447,51
2646,713,51
2647,357,51
2648,108,51
2649,704,47
2650,70,21
2651,340,42
2652,994,93
2653,896,51
2654,363,21
2655,74,42
2656,819,51
2657,813,51
2658,110,51
2659,158,21
2660,436,93
2661,157,51
2662,104,51
2663,328,51
2664,146,51
2665,373,51
2666,412,51
2667,852,15
2668,37,51
2669,841,51
2670,857,51
2671,779,51
2672,181,21
2673,475,51
2674,877,51
2675,861,15
2676,230,51
2677,92,51
2678,218,51
2679,269,51
2680,513,51
2681,963,14
2682,677,51
2683,388,93
2684,217,42
2685,599,51
2686,220,51
2687,233,51
2688,208,51
2689,434,51
2690,392,51
2691,8,21
2692,997,76
2693,41,51
2694,66,3
2695,295,51
2696,43,51
2697,689,3
2698,45,51
2699,802,51
2700,254,3
2701,646,51
2702,276,21
2703,724,51
2704,377,21
2705,661,76
2706,718,51
2707,12,76
2708,821,51
2709,988,51
2710,84,51
2711,539,51
2712,203,51
2713,636,51
2714,875,21
2715,461,15
2716,110,51
2717,320,51
2718,264,51
2719,894,51
2720,593,51
2721,781,51
2722,78,42
2723,999,51
2724,707,51
2725,935,51
2726,667,51
2727,421,51
2728,179,51
2729,39,21
2730,798,93
2731,327,51
2732,412,51
2733,978,35
2734,867,3
2735,160,51
2736,733,51
2737,49,3
2738,782,51
2739,264,51
2740,456,3
2741,8,51
2742,3,51
2743,542,51
2744,247,51
2745,879,51
2746,94,51
2747,530,51
2748,260,76
2749,668,51
2750,926,21
2751,433,51
2752,460,3
2753,984,51
2754,535,93
2755,345,51
2756,475,51
2757,535,60
2758,1,93
2759,911,51
2760,701,51
2761,484,51
2762,358,51
2763,37,51
2764,82,93
2765,465,51
2766,837,51
2767,216,51
2768,852,51
2769,132,92
2770,812,51
2771,531,77
2772,135,51
2773,707,51
2774,350,6
2775,631,51
2776,434,21
2777,233,11
2778,986,51
2779,699,15
2780,255,51
2781,721,51
2782,686,51
2783,478,51
2784,859,51
2785,914,51
2786,259,51
2787,797,51
2788,480,51
2789,472,51
2790,611,51
2791,316,3
2792,603,51
2793,733,42
2794,852,93
2795,402,93
2796,794,80
2797,817,51
2798,719,3
2799,822,51
2800,180,30
2801,887,51
2802,612,6
2803,96,23
2804,728,51
2805,85,51
2806,787,51
2807,880,51
2808,850,51
2809,140,51
2810,462,51
2811,409,51
2812,537,93
2813,545,32
2814,427,51
2815,833,51
2816,65,51
2817,532,21
2818,489,51
2819,135,86
2820,520,51
2821,448,42
2822,842,85
2823,282,51
2824,733,52
2825,728,51
2826,123,21
2827,51,42
2828,573,93
2829,594,15
2830,975,52
2831,716,51
2832,972,51
2833,167,51
2834,903,93
2835,14,51
2836,121,42
2837,695,51
2838,507,51
2839,323,51
2840,848,51
2841,625,51
2842,992,51
2843,897,51
2844,627,93
2845,408,93
2846,851,3
2847,153,6
2848,646,51
2849,661,51
2850,373,51
2851,278,51
2852,274,51
2853,986,77
2854,462,51
2855,791,51
2856,70,51
2857,860,51
2858,157,51
2859,685,51
2860,782,51
2861,617,51
2862,240,51
2863,916,51
2864,350,51
2865,32,51
2866,80,64
2867,672,25
2868,850,51
2869,527,51
2870,470,51
2871,749,21
2872,129,51
2873,437,6
2874,771,51
2875,460,75
2876,850,51
2877,319,51
2878,972,51
2879,991,51
2880,851,51
2881,293,52
2882,994,51
2883,146,51
2884,418,51
2885,765,51
2886,850,51
2887,681,60
2888,993,51
2889,834,51
2890,610,15
2891,838,51
2892,310,83
2893,614,51
2894,280,51
2895,654,21
2896,70,93
2897,788,51
2898,345,51
2899,489,51
2900,189,51
2901,822,51
2902,628,51
2903,639,51
2904,536,51
2905,565,51
2906,267,51
2907,275,51
2908,653,51
2909,699,51
2910,353,51
2911,933,51
2912,458,51
2913,33,51
2914,854,51
2915,93,51
2916,623,51
2917,464,51
2918,167,21
2919,985,51
2920,989,51
2921,5,51
2922,215,51
2923,285,51
2924,463,21
2925,545,51
2926,160,51
2927,919,51
2928,37,51
2929,842,51
2930,338,51
2931,110,51
2932,432,3
2933,531,51
2934,522,51
2935,481,51
2936,112,51
2937,131,93
2938,575,6
2939,600,51
2940,974,51
2941,28,51
2942,811,51
2943,521,51
2944,689,3
2945,99,51
2946,563,51
2947,946,51
2948,687,93
2949,334,3
2950,669,51
2951,284,51
2952,61,51
2953,212,51
2954,659,9
2955,684,51
2956,916,51
2957,280,51
2958,504,51
2959,755,51
2960,849,51
2961,899,51
2962,311,21
2963,848,93
2964,530,15
2965,970,3
2966,118,51
2967,2,51
2968,16,51
2969,82,51
2970,610,51
2971,280,51
2972,981,51
2973,743,51
2974,229,51
2975,730,51
2976,727,51
2977,428,21
2978,59,51
2979,621,51
2980,684,51
2981,292,51
2982,146,51
2983,853,51
2984,81,51
2985,848,51
2986,180,51
2987,477,52
2988,565,51
2989,191,42
2990,687,66
2991,696,87
2992,157,3
2993,419,51
2994,862,51
2995,5,51
2996,611,93
2997,87,51
2998,751,51
2999,798,51
3000,381,51
3001,352,15
3002,763,51
3003,594,60
3004,110,6
3005,454,51
3006,866,82
3007,953,51
3008,757,51
3009,595,51
3010,813,93
3011,462,3
3012,132,18
3013,479,51
3014,848,51
3015,77,51
3016,974,42
3017,713,51
3018,782,51
3019,222,51
3020,493,51
3021,634,51
3022,636,93
3023,336,51
3024,775,21
3025,86,51
3026,408,51
3027,840,51
3028,553,80
3029,235,51
3030,56,15
3031,744,3
3032,106,51
3033,656,51
3034,813,51
3035,375,21
3036,485,42
3037,886,15
3038,722,21
3039,103,51
3040,754,51
3041,929,84
3042,845,51
3043,951,51
3044,743,51
3045,797,51
3046,989,51
3047,224,51
3048,544,51
3049,237,51
3050,365,51
3051,240,51
3052,557,51
3053,944,85
3054,93,51
3055,907,51
3056,551,51
3057,1,51
3058,896,21
3059,460,51
3060,656,93
3061,375,51
3062,677,51
3063,668,51
3064,446,51
3065,50,51
3066,288,51
3067,536,51
3068,738,51
3069,368,21
3070,777,51
3071,356,51
3072,484,51
3073,912,51
3074,196,42
3075,369,51
3076,827,85
3077,396,51
3078,654,51
3079,64,51
3080,34,51
3081,219,51
3082,269,51
3083,809,51
3084,821,51
3085,431,51
3086,603,6
3087,258,51
3088,911,51
3089,23,51
3090,450,51
3091,10,51
3092,583,51
3093,766,15
3094,655,51
3095,364,51
3096,203,51
3097,898,51
3098,267,42
3099,381,93
3100,617,51
3101,275,21
3102,555,51
3103,971,3
3104,108,51
3105,179,51
3106,479,4
3107,156,51
3108,471,51
3109,366,51
3110,795,42
3111,729,6
3112,538,76
3113,996,60
3114,317,51
3115,966,51
3116,819,21
3117,313,15
3118,191,51
3119,758,51
3120,69,51
3121,690,51
3122,44,51
3123,547,51
3124,765,21
3125,244,51
3126,221,30
3127,253,51
3128,255,51
3129,462,42
3130,733,51
3131,213,51
3132,88,51
3133,872,51
3134,701,51
3135,167,3
3136,637,52
3137,739,51
3138,779,51
3139,918,6
3140,484,51
3141,177,51
3142,205,51
3143,913,51
3144,124,94
3145,37,51
3146,605,6
3147,138,51
3148,515,85
3149,796,51
3150,868,51
3151,369,51
3152,821,51
3153,936,51
3154,236,51
3155,429,21
3156,814,51
3157,809,21
3158,753,51
3159,174,93
3160,776,51
3161,82,51
3162,362,51
3163,694,51
3164,461,76
3165,978,52
3166,574,21
3167,757,52
3168,586,21
3169,133,21
3170,972,51
3171,397,51
3172,638,51
3173,714,3
3174,281,51
3175,423,96
3176,836,51
3177,688,51
3178,840,21
3179,211,38
3180,199,51
